species,growth_form,source,,
Justicia hyssopifolia,Derived Woodiness,"F. Lens, unpublished data, Hooft van Huysduynen et al. 2021",,
Sambucus palmensis,Ancestral Woodiness,"F. Lens, unpublished data, Hooft van Huysduynen et al. 2021",,
Viburnum rugosum,Ancestral Woodiness,"F. Lens, unpublished data, Hooft van Huysduynen et al. 2021",,
Aizoanthemopsis hispanica,Annual Herbaceous,"F. Lens, unpublished data; 1",,
Aizoon canariense,Annual Herbaceous,"F. Lens, unpublished data; 2",,
Arthrocaulon macrostachyum,Perennial Herbaceous,"F. Lens, unpublished data; 3",,
Atriplex glauca,Perennial Herbaceous,"F. Lens, unpublished data; 4",,
Atriplex halimus,Perennial Herbaceous,"F. Lens, unpublished data; 5",,
Bassia tomentosa,Insular Woodiness,Hooft Van Huysduynen et al. 2021,,
Bosea yervamora,Insular Woodiness,Hooft Van Huysduynen et al. 2021,,
Chenopodiastrum coronopus,Annual Herbaceous,"F. Lens, unpublished data; 6",,
Chenopodiastrum murale,Annual Herbaceous,"F. Lens, unpublished data; 7",,
Chenopodium album,Annual Herbaceous,"F. Lens, unpublished data; 8",,
Chenopodium vulvaria,Annual Herbaceous,"F. Lens, unpublished data; 8",,
Oxybasis glauca,Annual Herbaceous,"F. Lens, unpublished data; 9",,
Oxybasis urbica,Annual Herbaceous,"F. Lens, unpublished data; 9",,
Patellifolia procumbens,Perennial Herbaceous,"F. Lens, unpublished data; 10",,
Salicornia perennis,Derived Woodiness,"F. Lens, unpublished data",,
Salsola divaricata,Derived Woodiness,"F. Lens, unpublished data",,
Salsola kali,Derived Woodiness,"F. Lens, unpublished data",,
Salsola oppositifolia,Derived Woodiness,NA,,
Traganum moquinii,Derived Woodiness,"F. Lens, unpublished data",,
Pistacia atlantica,Ancestral Woodiness,"F. Lens, unpublished data",,
Pistacia lentiscus,Ancestral Woodiness,"F. Lens, unpublished data",,
Rhus coriaria,Ancestral Woodiness,"F. Lens, unpublished data",,
Searsia albida,Ancestral Woodiness,"F. Lens, unpublished data",,
Ammi majus,Annual Herbaceous,"F. Lens, unpublished data; 11",,
Ammi procerum,Annual Herbaceous,"F. Lens, unpublished data; 12",,
Ammodaucus leucotrichus,Annual Herbaceous,"F. Lens, unpublished data; 13",,
Apium nodiflorum,Perennial Herbaceous,"F. Lens, unpublished data; 15",,
Helosciadium nodiflorum,Perennial Herbaceous,"F. Lens, unpublished data; 15",,
Astydamia latifolia,Perennial Herbaceous,"F. Lens, unpublished data; 16",,
Bupleurum handiense,Derived Woodiness,Hooft Van Huysduynen et al. 2021,,
Bupleurum salicifolium,Derived Woodiness,Hooft Van Huysduynen et al. 2021,,
Bupleurum semicompositum,Annual Herbaceous,"F. Lens, unpublished data; 17",,
Canaria tortuosa,Perennial Herbaceous,"F. Lens, unpublished data; 18",,
Rutheopsis tortuosa,Perennial Herbaceous,"F. Lens, unpublished data; 18",,
Conium maculatum,Perennial Herbaceous,"F. Lens, unpublished data; 19",,
Crithmum maritimum,Perennial Herbaceous,"F. Lens, unpublished data; 20",,
Daucus aureus,Perennial Herbaceous,"F. Lens, unpublished data; 21",,
Daucus carota,Perennial Herbaceous,"F. Lens, unpublished data; 21",,
Daucus elegans,Perennial Herbaceous,"F. Lens, unpublished data; 21",,
Drusa glandulosa,Annual Herbaceous,"F. Lens, unpublished data; 22",,
Foeniculum vulgare,Perennial Herbaceous,"F. Lens, unpublished data; 23",,
Rutheopsis herbanica,Perennial Herbaceous,"F. Lens, unpublished data; 18",,
Scandix pecten-veneris,Annual Herbaceous,"F. Lens, unpublished data; 24",,
Todaroa aurea,Perennial Herbaceous,"F. Lens, unpublished data; 25",,
Visnaga daucoides,Perennial Herbaceous,"F. Lens, unpublished data; 26",,
Apteranthes burchardii,Perennial Herbaceous,"F. Lens, unpublished data; 14",,
Ceropegia burchardii,Perennial Herbaceous,"F. Lens, unpublished data; 14",,
Ceropegia dichotoma,Ancestral Woodiness,"F. Lens, unpublished data",,
Ceropegia fusca,Ancestral Woodiness,"F. Lens, unpublished data",,
Periploca laevigata,Ancestral Woodiness,"F. Lens, unpublished data",,
Ilex canariensis,Ancestral Woodiness,"F. Lens, unpublished data",,
Ilex perado,Ancestral Woodiness,"F. Lens, unpublished data",,
Hedera canariensis,Ancestral Woodiness,"F. Lens, unpublished data",,
Aaronsohnia pubescens,Annual Herbaceous,"F. Lens, unpublished data; 27",,
Achillea maritima,Perennial Herbaceous,"F. Lens, unpublished data; 28",,
Achyrophorus valdesii,Annual Herbaceous,"F. Lens, unpublished data; 50",,
Allagopappus canariensis,Derived Woodiness,"F. Lens, unpublished data",,
Allagopappus viscosissimus,Derived Woodiness,"F. Lens, unpublished data",,
Anacyclus radiatus,Annual Herbaceous,"F. Lens, unpublished data; 29",,
Anacyclus clavatus,Annual Herbaceous,"F. Lens, unpublished data; 30",,
Anthemis arvensis,Annual Herbaceous,"F. Lens, unpublished data; 31",,
Argyranthemum adauctum,Insular Woodiness,Hooft Van Huysduynen et al. 2021,,
Argyranthemum broussonetii,Insular Woodiness,Hooft Van Huysduynen et al. 2021,,
Argyranthemum callichrysum,Insular Woodiness,Hooft Van Huysduynen et al. 2021,,
Argyranthemum coronopifolium,Insular Woodiness,Hooft Van Huysduynen et al. 2021,,
Argyranthemum escarrei,Insular Woodiness,Hooft Van Huysduynen et al. 2021,,
Argyranthemum filifolium,Insular Woodiness,Hooft Van Huysduynen et al. 2021,,
Argyranthemum foeniculaceum,Insular Woodiness,Hooft Van Huysduynen et al. 2021,,
Argyranthemum frutescens,Insular Woodiness,Hooft Van Huysduynen et al. 2021,,
Argyranthemum gracile,Insular Woodiness,Hooft Van Huysduynen et al. 2021,,
Argyranthemum haouarytheum,Insular Woodiness,Hooft Van Huysduynen et al. 2021,,
Argyranthemum hierrense,Insular Woodiness,Hooft Van Huysduynen et al. 2021,,
Argyranthemum lemsii,Insular Woodiness,Hooft Van Huysduynen et al. 2021,,
Argyranthemum lidii,Insular Woodiness,Hooft Van Huysduynen et al. 2021,,
Argyranthemum maderense,Insular Woodiness,Hooft Van Huysduynen et al. 2021,,
Argyranthemum sundingii,Insular Woodiness,Hooft Van Huysduynen et al. 2021,,
Argyranthemum sventenii,Insular Woodiness,Hooft Van Huysduynen et al. 2021,,
Argyranthemum tenerifae,Insular Woodiness,Hooft Van Huysduynen et al. 2021,,
Argyranthemum vincentii,Insular Woodiness,NA,,
Argyranthemum webbii,Insular Woodiness,Hooft Van Huysduynen et al. 2021,,
Argyranthemum winteri,Insular Woodiness,Hooft Van Huysduynen et al. 2021,,
Artemisia ramosa,Ancestral Woodiness,"F. Lens, unpublished data",,
Artemisia reptans,Ancestral Woodiness,"F. Lens, unpublished data",,
Artemisia thuscula,Ancestral Woodiness,"F. Lens, unpublished data",,
Atractylis arbuscula,Insular Woodiness,Hooft Van Huysduynen et al. 2021,,
Atractylis cancellata,Derived Woodiness,Hooft Van Huysduynen et al. 2021,,
Atractylis preauxiana,Insular Woodiness,Hooft Van Huysduynen et al. 2021,,
Bellis annua,Annual Herbaceous,"F. Lens, unpublished data; 32",,
Bethencourtia hermosae,Insular Woodiness,Hooft Van Huysduynen et al. 2021,,
Bethencourtia palmensis,Insular Woodiness,Hooft Van Huysduynen et al. 2021,,
Bethencourtia rupicola,Insular Woodiness,Hooft Van Huysduynen et al. 2021,,
Calendula arvensis,Annual Herbaceous,"F. Lens, unpublished data; 33",,
Calendula suffruticosa,Perennial Herbaceous,"F. Lens, unpublished data; 33",,
Calendula tripterocarpa,Annual Herbaceous,"F. Lens, unpublished data; 33",,
Carduncellus caeruleus,Perennial Herbaceous,34,,
Carthamus caeruleus,Perennial Herbaceous,34,,
Carthamus lanatus,Annual Herbaceous,34,,
Cheirolophus anagaensis,Derived Woodiness,"F. Lens, unpublished data",,
Cheirolophus arboreus,Derived Woodiness,"F. Lens, unpublished data",,
Cheirolophus arbutifolius,Derived Woodiness,"F. Lens, unpublished data",,
Cheirolophus burchardii,Derived Woodiness,"F. Lens, unpublished data",,
Cheirolophus canariensis,Derived Woodiness,"F. Lens, unpublished data",,
Cheirolophus dariasii,Derived Woodiness,"F. Lens, unpublished data",,
Cheirolophus duranii,Derived Woodiness,"F. Lens, unpublished data",,
Cheirolophus falcisectus,Derived Woodiness,"F. Lens, unpublished data",,
Cheirolophus ghomerythus,Derived Woodiness,"F. Lens, unpublished data",,
Cheirolophus junonianus,Derived Woodiness,"F. Lens, unpublished data",,
Cheirolophus metlesicsii,Derived Woodiness,"F. Lens, unpublished data",,
Cheirolophus puntallanensis,Derived Woodiness,"F. Lens, unpublished data",,
Cheirolophus santos-abreui,Derived Woodiness,"F. Lens, unpublished data",,
Cheirolophus satarataensis,Derived Woodiness,"F. Lens, unpublished data",,
Cheirolophus sventenii,Derived Woodiness,"F. Lens, unpublished data",,
Cheirolophus tagananensis,Derived Woodiness,"F. Lens, unpublished data",,
Cheirolophus teydis,Derived Woodiness,"F. Lens, unpublished data",,
Cheirolophus webbianus,Derived Woodiness,"F. Lens, unpublished data",,
Chondrilla juncea,Perennial Herbaceous,"F. Lens, unpublished data; 35",,
Cichorium pumilum,Perennial Herbaceous,"F. Lens, unpublished data; 36",,
Cladanthus mixtus,Annual Herbaceous,"F. Lens, unpublished data; 37",,
Coleostephus myconis,Annual Herbaceous,"F. Lens, unpublished data; 38",,
Cynara cardunculus,Perennial Herbaceous,"F. Lens, unpublished data; 39",,
Cynara humilis,Perennial Herbaceous,"F. Lens, unpublished data; 40",,
Dittrichia viscosa,Perennial Herbaceous,"F. Lens, unpublished data; 41",,
Erigeron calderae,Perennial Herbaceous,"F. Lens, unpublished data; 42",,
Filago arvensis,Annual Herbaceous,"F. Lens, unpublished data; 43",,
Filago desertorum,Annual Herbaceous,"F. Lens, unpublished data; 43",,
Filago germanica,Annual Herbaceous,"F. Lens, unpublished data; 43",,
Filago lutescens,Annual Herbaceous,"F. Lens, unpublished data; 43",,
Filago pygmaea,Annual Herbaceous,"F. Lens, unpublished data; 43",,
Filago pyramidata,Annual Herbaceous,"F. Lens, unpublished data; 43",,
Galactites tomentosus,Annual Herbaceous,"F. Lens, unpublished data; 44",,
Geropogon hybridus,Annual Herbaceous,"F. Lens, unpublished data; 45",,
Gonospermum canariense,Insular Woodiness,Hooft Van Huysduynen et al. 2021,,
Gonospermum ferulaceum,Insular Woodiness,Hooft Van Huysduynen et al. 2021,,
Gonospermum fruticosum,Insular Woodiness,Hooft Van Huysduynen et al. 2021,,
Gonospermum gomerae,Insular Woodiness,Hooft Van Huysduynen et al. 2021,,
Gonospermum oshanahanii,Insular Woodiness,Hooft Van Huysduynen et al. 2021,,
Gonospermum ptarmiciflorum,Insular Woodiness,Hooft Van Huysduynen et al. 2021,,
Gonospermum revolutum,Perennial Herbaceous,Hooft Van Huysduynen et al. 2021; 46,,
Hedypnois rhagadioloides,Annual Herbaceous,"F. Lens, unpublished data; 47",,
Hedypnois arenaria,Annual Herbaceous,"F. Lens, unpublished data; 48",,
Helminthotheca echioides,Annual Herbaceous,"F. Lens, unpublished data; 49",,
Hypochaeris achyrophorus,Annual Herbaceous,"F. Lens, unpublished data; 50",,
Hypochaeris glabra,Annual Herbaceous,"F. Lens, unpublished data; 51",,
Hypochaeris oligocephala,? Herbaceous,"F. Lens, unpublished data",,
Hypochaeris radicata,Perennial Herbaceous,"F. Lens, unpublished data; 52",,
Hyoseris radiata,Perennial Herbaceous,"F. Lens, unpublished data; 53",,
Kleinia neriifolia,Derived Woodiness,"F. Lens, unpublished data",,
Lactuca palmensis,Perennial Herbaceous,"F. Lens, unpublished data; 54",,
Lactuca serriola,Annual Herbaceous,"F. Lens, unpublished data; 55",,
Lactuca viminea,Perennial Herbaceous,"F. Lens, unpublished data; 56",,
Lapsana communis,Annual Herbaceous,"F. Lens, unpublished data; 57",,
Leuzea cynaroides,Perennial Herbaceous,"F. Lens, unpublished data; 58",,
Logfia clementei,Annual Herbaceous,"F. Lens, unpublished data; 59",,
Logfia gallica,Annual Herbaceous,"F. Lens, unpublished data; 59",,
Logfia minima,Annual Herbaceous,"F. Lens, unpublished data; 59",,
Matricaria chamomilla,Annual Herbaceous,"F. Lens, unpublished data; 60",,
Notobasis syriaca,Annual Herbaceous,"F. Lens, unpublished data; 61",,
Pallenis hierochuntica,Annual Herbaceous,"F. Lens, unpublished data; 62",,
Pallenis maritima,Perennial Herbaceous,"F. Lens, unpublished data; 62",,
Pallenis spinosa,Annual Herbaceous,"F. Lens, unpublished data; 62",,
Pericallis appendiculata,Insular Woodiness,Hooft Van Huysduynen et al. 2021,,
Pericallis cruenta,Perennial Herbaceous,"F. Lens, unpublished data; 63",,
Pericallis echinata,Perennial Herbaceous,"F. Lens, unpublished data; 63",,
Pericallis hadrosoma,Perennial Herbaceous,"F. Lens, unpublished data; 63",,
Pericallis hansenii,Perennial Herbaceous,"F. Lens, unpublished data; 63",,
Pericallis hillebrandii,Perennial Herbaceous,"F. Lens, unpublished data; 63",,
Pericallis lanata,Perennial Herbaceous,"F. Lens, unpublished data; 63",,
Pericallis multiflora,Perennial Herbaceous,"F. Lens, unpublished data; 63",,
Pericallis murrayi,Perennial Herbaceous,"F. Lens, unpublished data; 63",,
Pericallis papyracea,Perennial Herbaceous,"F. Lens, unpublished data; 63",,
Pericallis steetzii,Perennial Herbaceous,"F. Lens, unpublished data; 63",,
Pericallis tussilaginis,Perennial Herbaceous,"F. Lens, unpublished data; 63",,
Pericallis webbii,Perennial Herbaceous,"F. Lens, unpublished data; 63",,
Phagnalon purpurascens,Perennial Herbaceous,"F. Lens, unpublished data; 64",,
Phagnalon rupestre,Perennial Herbaceous,"F. Lens, unpublished data; 64",,
Phagnalon saxatile,Perennial Herbaceous,"F. Lens, unpublished data; 64",,
Phagnalon umbelliforme,Perennial Herbaceous,"F. Lens, unpublished data; 64",,
Picnomon acarna,Annual Herbaceous,"F. Lens, unpublished data; 65",,
Picris hieracioides,Perennial Herbaceous,"F. Lens, unpublished data; 66",,
Rhagadiolus stellatus,Annual Herbaceous,"F. Lens, unpublished data; 47",,
Scorzoneroides palisiae,Annual Herbaceous,"F. Lens, unpublished data; 67",,
Senecio bollei,Annual Herbaceous,"F. Lens, unpublished data; 69",,
Senecio flavus,Annual Herbaceous,"F. Lens, unpublished data; 68",,
Senecio glaucus,Annual Herbaceous,"F. Lens, unpublished data; 68",,
Senecio ilsae,Annual Herbaceous,"F. Lens, unpublished data; 69",,
Senecio incrassatus,Annual Herbaceous,"F. Lens, unpublished data",,
Senecio leucanthemifolius,Annual Herbaceous,"F. Lens, unpublished data; 68",,
Senecio massaicus,Annual Herbaceous,"F. Lens, unpublished data; 70",,
Senecio teneriffae,Annual Herbaceous,"F. Lens, unpublished data; 71",,
Senecio vulgaris,Annual Herbaceous,"F. Lens, unpublished data; 68",,
Silybum marianum,Perennial Herbaceous,"F. Lens, unpublished data; 72",,
Sonchus acaulis,Perennial Herbaceous,"F. Lens, pers. comm. 2022; 73",,
Sonchus arboreus,Insular Woodiness,Hooft Van Huysduynen et al. 2021,,
Sonchus asper,Annual Herbaceous,"F. Lens, unpublished data; 74",,
Sonchus bornmuelleri,Perennial Herbaceous,"F. Lens, pers. comm. 2022; Bramwell and Bramwell 2001",,
Sonchus bourgeaui,Annual Herbaceous,Bramwell and Bramwell 2001; Hooft van Huysduynen et al. 2021; 180,,
Sonchus brachylobus,Insular Woodiness,Hooft Van Huysduynen et al. 2021,,
Sonchus bupleuroides,Perennial Herbaceous,"F. Lens, pers. comm. 2022; 76",,
Sonchus canariensis,Insular Woodiness,Hooft Van Huysduynen et al. 2021,,
Sonchus capillaris,Insular Woodiness,Hooft Van Huysduynen et al. 2021,,
Sonchus congestus,Insular Woodiness,Hooft Van Huysduynen et al. 2021,,
Sonchus esperanzae,Perennial Herbaceous,"F. Lens, unpublished data; 75",,
Sonchus fauces-orci,Insular Woodiness,Hooft Van Huysduynen et al. 2021,,
Sonchus gandogeri,Insular Woodiness,Hooft Van Huysduynen et al. 2021,,
Sonchus gomeraensis,Insular Woodiness,Hooft Van Huysduynen et al. 2021,,
Sonchus gummifer,Perennial Herbaceous,"F. Lens, pers. comm. 2022; 76",,
Sonchus heterophyllus,Insular Woodiness,"Bramwell and Bramwell 2001; F. Lens, pers. comm. 2022",,
Sonchus hierrensis,Insular Woodiness,Hooft Van Huysduynen et al. 2021,,
Sonchus leptocephalus,Insular Woodiness,"F. Lens, pers. comm. 2022",,
Sonchus lidii,Insular Woodiness,Hooft Van Huysduynen et al. 2021,,
Sonchus microcarpus,Insular Woodiness,Hooft Van Huysduynen et al. 2021,,
Sonchus oleraceus,Annual Herbaceous,"F. Lens, unpublished data; 74",,
Sonchus ortunoi,Insular Woodiness,Hooft Van Huysduynen et al. 2021,,
Sonchus palmensis,Insular Woodiness,Hooft Van Huysduynen et al. 2021,,
Sonchus pendulus,Insular Woodiness,"Bramwell and Bramwell 2001, F. Lens, pers. comm. 2022",,
Sonchus pinnatifidus,Insular Woodiness,Hooft Van Huysduynen et al. 2021,,
Sonchus pitardii,Insular Woodiness,Hooft Van Huysduynen et al. 2021,,
Sonchus platylepis,Perennial Herbaceous,"F. Lens, pers. comm. 2022; 76",,
Sonchus radicatus,Perennial Herbaceous,"F. Lens, pers. comm. 2022; 76",,
Sonchus regis-jubae,Insular Woodiness,Hooft Van Huysduynen et al. 2021,,
Sonchus sventenii,Insular Woodiness,"Bramwell and Bramwell 2001, F. Lens, pers. comm. 2022",,
Sonchus tectifolius,Perennial Herbaceous,Bramwell and Bramwell 2001,,
Sonchus tenerrimus,Annual Herbaceous,"F. Lens, unpublished data; 77",,
Sonchus tuberifer,Perennial Herbaceous,Bramwell and Bramwell 2001; 75,,
Sonchus webbii,Perennial Herbaceous,Bramwell and Bramwell 2001; 73,,
Sonchus wildpretii,Insular Woodiness,Hooft Van Huysduynen et al. 2021,,
Tolpis barbata,Annual Herbaceous,"F. Lens, unpublished data; 78",,
Tolpis calderae,Perennial Herbaceous,"F. Lens, unpublished data; 78",,
Tolpis coronopifolia,Annual Herbaceous,"F. Lens, unpublished data; 78",,
Tolpis crassiuscula,Perennial Herbaceous,"F. Lens, unpublished data; 78",,
Tolpis glabrescens,Perennial Herbaceous,"F. Lens, unpublished data; 78",,
Tolpis laciniata,Perennial Herbaceous,"F. Lens, unpublished data; 78",,
Tolpis lagopoda,Perennial Herbaceous,"F. Lens, unpublished data; 78",,
Tolpis proustii,Perennial Herbaceous,"F. Lens, unpublished data; 78",,
Tolpis santosii,Perennial Herbaceous,"F. Lens, unpublished data; 78",,
Tolpis umbellata,Annual Herbaceous,"F. Lens, unpublished data; 79",,
Tolpis webbii,Perennial Herbaceous,"F. Lens, unpublished data; 78",,
Tripleurospermum inodorum,Annual Herbaceous,"F. Lens, unpublished data; 80",,
Urospermum picroides,Annual Herbaceous,"F. Lens, unpublished data; 81",,
Vieraea laevigata,Derived Woodiness,"F. Lens, unpublished data",,
Volutaria bollei,Perennial Herbaceous,"F. Lens, unpublished data; 82",,
Volutaria canariensis,Annual Herbaceous,"F. Lens, unpublished data; 82",,
Volutaria lippii,Annual Herbaceous,"F. Lens, unpublished data; 82",,
Volutaria tubuliflora,Annual Herbaceous,"F. Lens, unpublished data; 82",,
Anchusa azurea,Annual Herbaceous,"F. Lens, unpublished data; 83",,
Arnebia decumbens,Perennial Herbaceous,"F. Lens, unpublished data; 84",,
Buglossoides arvensis,Annual Herbaceous,"F. Lens, unpublished data; 85",,
Cynoglossum creticum,Annual Herbaceous,"F. Lens, unpublished data; 86",,
Echium acanthocarpum,Insular Woodiness,Hooft van Huysduynen et al. 2021,,
Echium aculeatum,Insular Woodiness,Hooft van Huysduynen et al. 2021,,
Echium auberianum,Perennial Herbaceous,"F. Lens, unpublished data; 87",,
Echium bethencourtii,Insular Woodiness,"F. Lens, unpublished data; Hooft van Huysduynen et al. 2021",,
Echium bonnetii,Annual Herbaceous,"F. Lens, unpublished data; 87",,
Echium brevirame,Insular Woodiness,Hooft van Huysduynen et al. 2021,,
Echium callithyrsum,Insular Woodiness,Hooft van Huysduynen et al. 2021,,
Echium decaisnei,Insular Woodiness,Hooft van Huysduynen et al. 2021,,
Echium giganteum,Insular Woodiness,Hooft van Huysduynen et al. 2021,,
Echium handiense,Insular Woodiness,Hooft van Huysduynen et al. 2021,,
Echium hierrense,Insular Woodiness,Hooft van Huysduynen et al. 2021,,
Echium horridum,Annual Herbaceous,"F. Lens, unpublished data; 88",,
Echium leucophaeum,Insular Woodiness,Hooft van Huysduynen et al. 2021,,
Echium onosmifolium,Insular Woodiness,Hooft van Huysduynen et al. 2021,,
Echium perezii,Insular Woodiness,Bramwell and Bramwell 2001,,
Echium pininana,Insular Woodiness,Hooft van Huysduynen et al. 2021,,
Echium pitardii,Annual Herbaceous,"F. Lens, unpublished data; 87",,
Echium plantagineum,Annual Herbaceous,"F. Lens, unpublished data; 87",,
Echium simplex,Insular Woodiness,Hooft van Huysduynen et al. 2021,,
Echium strictum,Insular Woodiness,Hooft van Huysduynen et al. 2021,,
Echium sventenii,Insular Woodiness,Hooft van Huysduynen et al. 2021,,
Echium thyrsiflorum,Insular Woodiness,Hooft van Huysduynen et al. 2021,,
Echium triste,Annual Herbaceous,"F. Lens, unpublished data; 89",,
Echium virescens,Insular Woodiness,Hooft van Huysduynen et al. 2021,,
Echium webbii,Insular Woodiness,Hooft van Huysduynen et al. 2021,,
Echium wildpretii,Insular Woodiness,Hooft van Huysduynen et al. 2021,,
Mairetis microsperma,Annual Herbaceous,"F. Lens, unpublished data; 14",,
Neatostema apulum,Annual Herbaceous,"F. Lens, unpublished data; 90",,
Ogastemma pusillum,Annual Herbaceous,"F. Lens, unpublished data; 91",,
Alyssum granatense,Annual Herbaceous,"F. Lens, unpublished data; 92",,
Alyssum simplex,Annual Herbaceous,"F. Lens, unpublished data; 92",,
Arabidopsis thaliana,Annual Herbaceous,"F. Lens, unpublished data; 93",,
Biscutella auriculata,Annual Herbaceous,"F. Lens, unpublished data; 94",,
Brassica bourgeaui,Insular Woodiness,Hooft van Huysduynen et al. 2021,,
Cakile maritima,Annual Herbaceous,"F. Lens, unpublished data; 95",,
Capsella bursa-pastoris,Annual Herbaceous,"F. Lens, unpublished data; 96",,
Capsella rubella,Annual Herbaceous,"F. Lens, unpublished data; 97",,
Cardamine flexuosa,Annual Herbaceous,"F. Lens, unpublished data; 98",,
Cardamine hirsuta,Annual Herbaceous,"F. Lens, unpublished data; 99",,
Carrichtera annua,Annual Herbaceous,"F. Lens, unpublished data; 100",,
Crambe arborea,Insular Woodiness,Zizka et al. 2022,,
Crambe feuilleei,Insular Woodiness,Zizka et al. 2022,,
Crambe gomeraea,Insular Woodiness,Zizka et al. 2022,,
Crambe laevigata,Insular Woodiness,Zizka et al. 2022,,
Crambe microcarpa,Insular Woodiness,Zizka et al. 2022,,
Crambe pritzelii,Insular Woodiness,Zizka et al. 2022,,
Crambe santosii,Insular Woodiness,Zizka et al. 2022,,
Crambe scaberrima,Insular Woodiness,Zizka et al. 2022,,
Crambe scoparia,Insular Woodiness,Zizka et al. 2022,,
Crambe strigosa,Insular Woodiness,Zizka et al. 2022,,
Crambe sventenii,Insular Woodiness,Zizka et al. 2022,,
Crambe tamadabensis,Insular Woodiness,Zizka et al. 2022,,
Crambe wildpretii,Insular Woodiness,Zizka et al. 2022,,
Descurainia artemisioides,Insular Woodiness,Hooft van Huysduynen et al. 2021,,
Descurainia bourgaeana,Insular Woodiness,Hooft van Huysduynen et al. 2021,,
Descurainia gilva,Insular Woodiness,Hooft van Huysduynen et al. 2021,,
Descurainia gonzalezii,Insular Woodiness,Hooft van Huysduynen et al. 2021,,
Descurainia lemsii,Insular Woodiness,Hooft van Huysduynen et al. 2021,,
Descurainia millefolia,Insular Woodiness,Hooft van Huysduynen et al. 2021,,
Descurainia preauxiana,Insular Woodiness,Hooft van Huysduynen et al. 2021,,
Diplotaxis catholica,Annual Herbaceous,"F. Lens, unpublished data; 101",,
Diplotaxis muralis,Annual Herbaceous,"F. Lens, unpublished data; 101",,
Eruca vesicaria,Annual Herbaceous,"F. Lens, unpublished data; 102",,
Erysimum albescens,Insular Woodiness,Moazzeni et al. 2014,,
Erysimum bicolor,Insular Woodiness,Hooft van Huysduynen et al. 2021,,
Erysimum scoparium,Insular Woodiness,Hooft van Huysduynen et al. 2021,,
Erysimum virescens,Insular Woodiness,Moazzeni et al. 2014,,
Hirschfeldia incana,Annual Herbaceous,"F. Lens, unpublished data; 44",,
Lobularia canariensis,Insular Woodiness,Hooft van Huysduynen et al. 2021,,
Lobularia libyca,Annual Herbaceous,"F. Lens, unpublished data; 103",,
Lobularia maritima,Perennial Herbaceous,"F. Lens, unpublished data; 104",,
Marcus-kochia littorea,Annual Herbaceous,"F. Lens, unpublished data; 105",,
Matthiola bolleana,Annual Herbaceous,"F. Lens, unpublished data; 106",,
Matthiola longipetala,Annual Herbaceous,"F. Lens, unpublished data; 107",,
Matthiola parviflora,Annual Herbaceous,"F. Lens, unpublished data; 108",,
Notoceras bicorne,Annual Herbaceous,"F. Lens, unpublished data; 109",,
Raphanus raphanistrum,Annual Herbaceous,"F. Lens, unpublished data; 110",,
Sisymbrium erysimoides,Annual Herbaceous,"F. Lens, unpublished data; 111",,
Sisymbrium irio,Annual Herbaceous,"F. Lens, unpublished data; 112",,
Succowia balearica,Annual Herbaceous,"F. Lens, unpublished data; 113",,
Thlaspi arvense,Annual Herbaceous,"F. Lens, unpublished data; 114",,
Campanula dichotoma,Annual Herbaceous,"F. Lens, unpublished data; 115",,
Campanula erinus,Annual Herbaceous,"F. Lens, unpublished data; 115",,
Canarina canariensis,Perennial Herbaceous,"F. Lens, unpublished data; 116",,
Legousia falcata,Annual Herbaceous,"F. Lens, unpublished data; 117",,
Legousia hybrida,Annual Herbaceous,"F. Lens, unpublished data; 117",,
Wahlenbergia lobelioides,Annual Herbaceous,"F. Lens, unpublished data; 118",,
Pterocephalus dumetorum,Derived Woodiness,Hooft van Huysduynen et al. 2021,,
Pterocephalus lasiospermus,Derived Woodiness,Hooft van Huysduynen et al. 2021,,
Pterocephalus porphyranthus,Derived Woodiness,Hooft van Huysduynen et al. 2021,,
Pterocephalus virens,Derived Woodiness,Hooft van Huysduynen et al. 2021,,
Valeriana calcitrapae,Annual Herbaceous,"F. Lens, unpublished data; 119",,
Arenaria serpyllifolia,Annual Herbaceous,"F. Lens, unpublished data; 120",,
Bufonia paniculata,Perennial Herbaceous,"F. Lens, unpublished data; 121",,
Dicheranthus plocamoides,Derived Woodiness,Hooft van Huysduynen et al. 2021,,
Eudianthe coeli-rosa,Annual Herbaceous,"F. Lens, unpublished data; 122",,
Gymnocarpos decander,Derived Woodiness,"F. Lens, unpublished data",,
Gymnocarpos sclerocephalus,Derived Woodiness,"F. Lens, unpublished data",,
Gypsophila vaccaria,Annual Herbaceous,"F. Lens, unpublished data; 123",,
Illecebrum verticillatum,Annual Herbaceous,"F. Lens, unpublished data; 124",,
Loeflingia hispanica,Annual Herbaceous,"F. Lens, unpublished data; 125",,
Moehringia pentandra,Annual Herbaceous,"F. Lens, unpublished data; 126",,
Polycarpon alsinifolium,Annual Herbaceous,"F. Lens, unpublished data; 48",,
Polycarpon tetraphyllum,Annual Herbaceous,"F. Lens, unpublished data; 127",,
Pteranthus dichotomus,Annual Herbaceous,"F. Lens, unpublished data; 128",,
Rhodalsine geniculata,Perennial Herbaceous,"F. Lens, unpublished data; 129",,
Scleranthus annuus,Annual Herbaceous,"F. Lens, unpublished data; 130",,
Silene apetala,Annual Herbaceous,"F. Lens, unpublished data; 131",,
Silene behen,Annual Herbaceous,"F. Lens, unpublished data; 132",,
Silene bellidifolia,Annual Herbaceous,"F. Lens, unpublished data; 133",,
Silene berthelotiana,Insular Woodiness,Hooft van Huysduynen et al. 2021,,
Silene bourgaei,Perennial Herbaceous,"F. Lens, unpublished data; 134",,
Silene canariensis,? Herbaceous,"F. Lens, unpublished data",,
Silene colorata,Annual Herbaceous,"F. Lens, unpublished data; 135",,
Silene conica,Annual Herbaceous,"F. Lens, unpublished data; 136",,
Silene conoidea,Annual Herbaceous,"F. Lens, unpublished data; 136",,
Silene diversifolia,Annual Herbaceous,"F. Lens, unpublished data; 137",,
Silene gallica,Annual Herbaceous,"F. Lens, unpublished data; 136",,
Silene gracilis,Annual Herbaceous,"F. Lens, unpublished data; 138",,
Silene inaperta,Annual Herbaceous,"F. Lens, unpublished data; 139",,
Silene lagunensis,Perennial Herbaceous,"F. Lens, unpublished data; 134",,
Silene muscipula,Annual Herbaceous,"F. Lens, unpublished data; 140",,
Silene nocteolens,Perennial Herbaceous,"F. Lens, unpublished data; 134",,
Silene nocturna,Annual Herbaceous,"F. Lens, unpublished data; 141",,
Silene nutans,Perennial Herbaceous,"F. Lens, unpublished data; 134",,
Silene obtusifolia,Annual Herbaceous,"F. Lens, unpublished data; 143",,
Silene pogonocalyx,Perennial Herbaceous,"F. Lens, unpublished data; 134",,
Silene rubella,Annual Herbaceous,"F. Lens, unpublished data; 136",,
Silene sabinosae,Perennial Herbaceous,"F. Lens, unpublished data; 134",,
Silene tamaranae,Perennial Herbaceous,"F. Lens, unpublished data; 134",,
Silene tridentata,Perennial Herbaceous,"F. Lens, unpublished data; 121",,
Silene vulgaris,Perennial Herbaceous,"F. Lens, unpublished data; 142",,
Spergula arvensis,Annual Herbaceous,"F. Lens, unpublished data; 121",,
Spergula pentandra,Annual Herbaceous,"F. Lens, unpublished data; 121",,
Cistus asper,Ancestral Woodiness,"F. Lens, unpublished data",,
Cistus chinamadensis,Ancestral Woodiness,"F. Lens, unpublished data",,
Cistus grancanariae,Ancestral Woodiness,"F. Lens, unpublished data",,
Cistus horrens,Ancestral Woodiness,"F. Lens, unpublished data",,
Cistus monspeliensis,Ancestral Woodiness,"F. Lens, unpublished data",,
Cistus ochreatus,Ancestral Woodiness,"F. Lens, unpublished data",,
Cistus osbeckiifolius,Ancestral Woodiness,"F. Lens, unpublished data",,
Cistus palmensis,Ancestral Woodiness,"F. Lens, unpublished data",,
Cistus symphytifolius,Ancestral Woodiness,"F. Lens, unpublished data",,
Helianthemum aganae,Ancestral Woodiness,"F. Lens, unpublished data",,
Helianthemum aguloi,Ancestral Woodiness,"F. Lens, unpublished data",,
Helianthemum bramwelliorum,Ancestral Woodiness,"F. Lens, unpublished data",,
Helianthemum broussonetii,Ancestral Woodiness,"F. Lens, unpublished data",,
Helianthemum bystropogophyllum,Ancestral Woodiness,"F. Lens, unpublished data",,
Helianthemum canariense,Ancestral Woodiness,"F. Lens, unpublished data",,
Helianthemum cirae,Ancestral Woodiness,"F. Lens, unpublished data",,
Helianthemum gonzalezferreri,Ancestral Woodiness,"F. Lens, unpublished data",,
Helianthemum inaguae,Ancestral Woodiness,"F. Lens, unpublished data",,
Helianthemum juliae,Ancestral Woodiness,"F. Lens, unpublished data",,
Helianthemum ledifolium,Annual Herbaceous,"F. Lens, unpublished data; 144",,
Helianthemum linii,Ancestral Woodiness,"F. Lens, unpublished data",,
Helianthemum teneriffae,Ancestral Woodiness,"F. Lens, unpublished data",,
Helianthemum tholiforme,Ancestral Woodiness,"F. Lens, unpublished data",,
Helianthemum thymiphyllum,Ancestral Woodiness,"F. Lens, unpublished data",,
Helianthemum sp.,Ancestral Woodiness,NA,,
Helianthemum henriquezii,Ancestral Woodiness,Beaumont et al. 2021,,
Helianthemum sp.,Ancestral Woodiness,NA,,
Calystegia soldanella,Perennial Herbaceous,"F. Lens, unpublished data; 145",,
Convolvulus althaeoides,Derived Woodiness,Hooft van Huysduynen et al. 2021,,
Convolvulus arvensis,Perennial Herbaceous,"F. Lens, unpublished data; 146",,
Convolvulus canariensis,Insular Woodiness,Hooft van Huysduynen et al. 2021,,
Convolvulus caput-medusae,Insular Woodiness,Hooft van Huysduynen et al. 2021,,
Convolvulus floridus,Insular Woodiness,Hooft van Huysduynen et al. 2021,,
Convolvulus fruticulosus,Insular Woodiness,Hooft van Huysduynen et al. 2021,,
Convolvulus lopezsocasii,Insular Woodiness,Hooft van Huysduynen et al. 2021,,
Convolvulus perraudieri,Insular Woodiness,"POWO 2022, F. Lens, pers. comm. 2022",,
Convolvulus scoparius,Insular Woodiness,Hooft van Huysduynen et al. 2021,,
Convolvulus siculus,Annual Herbaceous,"F. Lens, unpublished data; 147",,
Convolvulus subauriculatus,Insular Woodiness,"POWO 2022, F. Lens, pers. comm. 2022",,
Convolvulus volubilis,Derived Woodiness,Hooft van Huysduynen et al. 2021,,
Ipomoea imperati,Perennial Herbaceous,"F. Lens, unpublished data; 148",,
Aeonium aizoon,Perennial Herbaceous,"F. Lens, unpublished data; 149",,
Aeonium appendiculatum,Insular Woodiness,Hooft van Huysduynen et al. 2021,,
Aeonium arboreum,Insular Woodiness,Hooft van Huysduynen et al. 2021,,
Aeonium aureum,Perennial Herbaceous,"F. Lens, unpublished data; 149",,
Aeonium balsamiferum,Insular Woodiness,Hooft van Huysduynen et al. 2021,,
Aeonium canariense,Perennial Herbaceous,"F. Lens, unpublished data; 149",,
Aeonium castello-paivae,Insular Woodiness,Hooft van Huysduynen et al. 2021,,
Aeonium ciliatum,Insular Woodiness,Hooft van Huysduynen et al. 2021,,
Aeonium cuneatum,Perennial Herbaceous,"F. Lens, unpublished data; 149",,
Aeonium davidbramwellii,Insular Woodiness,Hooft van Huysduynen et al. 2021,,
Aeonium decorum,Insular Woodiness,Hooft van Huysduynen et al. 2021,,
Aeonium diplocyclum,Perennial Herbaceous,"F. Lens, unpublished data; 150",,
Aeonium dodrantale,Perennial Herbaceous,"F. Lens, unpublished data; 149",,
Aeonium escobarii,Insular Woodiness,"Messerschmind 2022; F. Lens, pers. comm. 2022",,
Aeonium gomerense,Insular Woodiness,Hooft van Huysduynen et al. 2021,,
Aeonium goochiae,Insular Woodiness,Hooft van Huysduynen et al. 2021,,
Aeonium haworthii,Insular Woodiness,Hooft van Huysduynen et al. 2021,,
Aeonium hierrense,Insular Woodiness,Hooft van Huysduynen et al. 2021,,
Aeonium lancerottense,Insular Woodiness,Hooft van Huysduynen et al. 2021,,
Aeonium lindleyi,Insular Woodiness,Hooft van Huysduynen et al. 2021,,
Aeonium liui,Insular Woodiness,"Toro 2019; F. Lens, pers. comm. 2022",,
Aeonium mascaense,Insular Woodiness,"Messerschmind 2022; F. Lens, pers. comm. 2022",,
Aeonium nobile,Insular Woodiness,Hooft van Huysduynen et al. 2021,,
Aeonium percarneum,Insular Woodiness,Hooft van Huysduynen et al. 2021,,
Aeonium pseudourbicum,Perennial Herbaceous,Hooft van Huysduynen et al. 2021,,
Aeonium rubrolineatum,Insular Woodiness,"F. Lens, unpublished data; F. Lens, pers. comm. 2022",,
Aeonium saundersii,Insular Woodiness,Hooft van Huysduynen et al. 2021,,
Aeonium sedifolium,Insular Woodiness,Hooft van Huysduynen et al. 2021,,
Aeonium simsii,Perennial Herbaceous,"F. Lens, unpublished data; 149",,
Aeonium smithii,Insular Woodiness,Hooft van Huysduynen et al. 2021,,
Aeonium spathulatum,Insular Woodiness,Hooft van Huysduynen et al. 2021,,
Aeonium tabulaeforme,Perennial Herbaceous,"F. Lens, unpublished data; 149",,
Aeonium undulatum,Insular Woodiness,Hooft van Huysduynen et al. 2021,,
Aeonium urbicum,Insular Woodiness,Hooft van Huysduynen et al. 2021,,
Aeonium valverdense,Insular Woodiness,Hooft van Huysduynen et al. 2021,,
Aeonium volkeri,Insular Woodiness,"Messerschmind 2022; F. Lens, pers. comm. 2022",,
Aichryson bituminosum,Annual Herbaceous,"F. Lens, unpublished data; 152",,
Aichryson bollei,Annual Herbaceous,"F. Lens, unpublished data; 152",,
Aichryson brevipetalum,Annual Herbaceous,"F. Lens, unpublished data; 152",,
Aichryson laxum,Annual Herbaceous,"F. Lens, unpublished data; 152",,
Aichryson pachycaulon,Annual Herbaceous,"F. Lens, unpublished data; 152",,
Aichryson palmense,Annual Herbaceous,"F. Lens, unpublished data; 152",,
Aichryson parlatorei,Annual Herbaceous,"F. Lens, unpublished data; 152",,
Aichryson porphyrogennetos,Annual Herbaceous,"F. Lens, unpublished data; 152",,
Aichryson punctatum,Annual Herbaceous,"F. Lens, unpublished data; 152",,
Aichryson roseum,Annual Herbaceous,"F. Lens, unpublished data; 152",,
Aichryson tortuosum,Perennial Herbaceous,"F. Lens, pers. comm. 2022; 152",,
Crassula tillaea,Annual Herbaceous,"F. Lens, unpublished data; 153",,
Monanthes anagensis,Perennial Herbaceous,"F. Lens, unpublished data; 151",,
Monanthes brachycaulos,Perennial Herbaceous,"F. Lens, unpublished data; 151",,
Monanthes dasyphylla,Perennial Herbaceous,"F. Lens, unpublished data; 151",,
Monanthes icterica,Annual Herbaceous,"F. Lens, unpublished data; 151",,
Monanthes laxiflora,Perennial Herbaceous,"F. Lens, unpublished data; 151",,
Monanthes minima,Perennial Herbaceous,"F. Lens, unpublished data; 151",,
Monanthes muralis,Perennial Herbaceous,"F. Lens, unpublished data; 151",,
Monanthes niphophila,Perennial Herbaceous,"F. Lens, unpublished data; 151",,
Monanthes pallens,Perennial Herbaceous,"F. Lens, unpublished data; 151",,
Monanthes polyphylla,Perennial Herbaceous,"F. Lens, unpublished data; 151",,
Monanthes praegeri,Perennial Herbaceous,"F. Lens, unpublished data; 151",,
Monanthes purpurascens,Perennial Herbaceous,"F. Lens, unpublished data; 151",,
Monanthes silensis,Perennial Herbaceous,"F. Lens, unpublished data; 151",,
Monanthes subcrassicaulis,Perennial Herbaceous,"F. Lens, unpublished data; 151",,
Monanthes subrosulata,Perennial Herbaceous,"F. Lens, unpublished data; 151",,
Monanthes wildpretii,Perennial Herbaceous,"F. Lens, unpublished data; 151",,
Sedum lancerottense,Perennial Herbaceous,"F. Lens, unpublished data; 154",,
Sedum rubens,Annual Herbaceous,"F. Lens, unpublished data; 155",,
Umbilicus heylandianus,Perennial Herbaceous,"F. Lens, unpublished data; 156",,
Umbilicus horizontalis,Perennial Herbaceous,"F. Lens, unpublished data; 157",,
Bryonia verrucosa,Perennial Herbaceous,"F. Lens, unpublished data; 158",,
Citrullus colocynthis,Perennial Herbaceous,"F. Lens, unpublished data; 159",,
Cuscuta approximata,Annual Herbaceous,"F. Lens, unpublished data; 160",,
Cuscuta planiflora,Annual Herbaceous,"F. Lens, unpublished data; 161",,
Cynomorium coccineum,Perennial Herbaceous,"F. Lens, unpublished data; 162",,
Arbutus canariensis,Ancestral Woodiness,"F. Lens, unpublished data",,
Euphorbia aphylla,Derived Woodiness,"F. Lens, unpublished data",,
Euphorbia atropurpurea,Derived Woodiness,"F. Lens, unpublished data",,
Euphorbia balsamifera,Derived Woodiness,"F. Lens, unpublished data",,
Euphorbia berthelotii,Derived Woodiness,"F. Lens, unpublished data",,
Euphorbia bourgeana,Derived Woodiness,"F. Lens, unpublished data",,
Euphorbia bravoana,Derived Woodiness,"F. Lens, unpublished data",,
Euphorbia canariensis,Insular Woodiness,Hooft van Huysduynen et al. 2021,,
Euphorbia chamaesyce,Annual Herbaceous,"F. Lens, unpublished data; 163",,
Euphorbia granulata,Perennial Herbaceous,"F. Lens, unpublished data; 164",,
Euphorbia handiensis,Insular Woodiness,Hooft van Huysduynen et al. 2021,,
Euphorbia helioscopia,Annual Herbaceous,"F. Lens, unpublished data; 165",,
Euphorbia lamarckii,Derived Woodiness,"F. Lens, unpublished data",,
Euphorbia mellifera,Insular Woodiness,Hooft van Huysduynen et al. 2021,,
Euphorbia paralias,Derived Woodiness,"F. Lens, unpublished data",,
Euphorbia peplis,Perennial Herbaceous,Cateni et al. 2010; 166,,
Euphorbia platyphyllos,Annual Herbaceous,POWO 2022; 167,,
Euphorbia regis-jubae,Derived Woodiness,"F. Lens, unpublished data",,
Euphorbia segetalis,Perennial Herbaceous,168,,
Euphorbia serrata,Derived Woodiness,"F. Lens, unpublished data",,
Euphorbia sulcata,Derived Woodiness,"F. Lens, unpublished data",,
Euphorbia terracina,Perennial Herbaceous,168,,
Mercurialis canariensis,Annual Herbaceous,"F. Lens, unpublished data; 169",,
Adenocarpus foliolosus,Ancestral Woodiness,"F. Lens, unpublished data",,
Adenocarpus ombriosus,Ancestral Woodiness,"F. Lens, unpublished data",,
Adenocarpus viscosus,Ancestral Woodiness,"F. Lens, unpublished data",,
Anagyris latifolia,Ancestral Woodiness,"F. Lens, unpublished data",,
Argyrolobium armindae,Perennial Herbaceous,"F. Lens, unpublished data; 170",,
Biserrula pelecinus,Annual Herbaceous,"F. Lens, unpublished data; 171",,
Bituminaria bituminosa,Perennial Herbaceous,"F. Lens, unpublished data; 44",,
Chamaecytisus mollis,Ancestral Woodiness,"F. Lens, unpublished data",,
Chamaecytisus prolifer,Ancestral Woodiness,"F. Lens, unpublished data",,
Cicer canariense,Perennial Herbaceous,"F. Lens, unpublished data; 172",,
Coronilla viminalis,Perennial Herbaceous,"F. Lens, unpublished data; 173",,
Cytisus filipes,Ancestral Woodiness,"F. Lens, unpublished data",,
Cytisus rosmarinifolius,Ancestral Woodiness,"F. Lens, unpublished data",,
Cytisus supranubius,Ancestral Woodiness,"F. Lens, unpublished data",,
Genista benehoavensis,Ancestral Woodiness,"F. Lens, unpublished data",,
Genista canariensis,Ancestral Woodiness,"F. Lens, unpublished data",,
Genista linifolia,Ancestral Woodiness,"F. Lens, unpublished data",,
Genista microphylla,Ancestral Woodiness,"F. Lens, unpublished data",,
Genista splendens,Ancestral Woodiness,"F. Lens, unpublished data",,
Genista stenopetala,Ancestral Woodiness,"F. Lens, unpublished data",,
Hippocrepis constricta,Annual Herbaceous,"F. Lens, unpublished data; 109",,
Hippocrepis multisiliquosa,Annual Herbaceous,"F. Lens, unpublished data; 174",,
Hippocrepis salzmannii,Annual Herbaceous,"F. Lens, unpublished data; 175",,
Lathyrus angulatus,Annual Herbaceous,"F. Lens, unpublished data; 176",,
Lathyrus sphaericus,Annual Herbaceous,"F. Lens, unpublished data; 177",,
Lotus arinagensis,Perennial Herbaceous,"F. Lens, unpublished data; 178",,
Lotus berthelotii,Perennial Herbaceous,"F. Lens, unpublished data; 179",,
Lotus broussonetii,Insular Woodiness,Hooft van Huysduynen et al. 2021,,
Lotus callis-viridis,Perennial Herbaceous,"F. Lens, pers. comm. 2022; 181",,
Lotus campylocladus,Insular Woodiness,Hooft van Huysduynen et al. 2021,,
Lotus corniculatus,Perennial Herbaceous,"F. Lens, unpublished data; 182",,
Lotus creticus,Perennial Herbaceous,"F. Lens, unpublished data; 181",,
Lotus dumetorum,Insular Woodiness,Hooft van Huysduynen et al. 2021,,
Lotus emeroides,Perennial Herbaceous,"F. Lens, unpublished data; 181",,
Lotus eremiticus,Perennial Herbaceous,"F. Lens, unpublished data; 183",,
Lotus eriophthalmus,Insular Woodiness,Hooft van Huysduynen et al. 2021,,
Lotus glaucus,Perennial Herbaceous,"F. Lens, unpublished data; 181",,
Lotus gomerythus,Perennial Herbaceous,Jaen-Mollina et al. 2021,,
Lotus holosericeus,Insular Woodiness,Hooft van Huysduynen et al. 2021,,
Lotus kunkelii,Perennial Herbaceous,"F. Lens, unpublished data; 181",,
Lotus lancerottensis,Perennial Herbaceous,"F. Lens, unpublished data; 181",,
Lotus maculatus,Perennial Herbaceous,"F. Lens, unpublished data; 179",,
Lotus mascaensis,Insular Woodiness,Hooft van Huysduynen et al. 2021,,
Lotus parviflorus,Annual Herbaceous,"F. Lens, unpublished data; 184",,
Lotus pyranthus,Perennial Herbaceous,"F. Lens, unpublished data; 179",,
Lotus sessilifolius,Perennial Herbaceous,"F. Lens, unpublished data; 181",,
Lotus spartioides,Insular Woodiness,Hooft van Huysduynen et al. 2021,,
Lotus spectabilis,Insular Woodiness,Hooft van Huysduynen et al. 2021,,
Lotus tenellus,Perennial Herbaceous,"F. Lens, unpublished data; 181",,
Melilotus segetalis,Annual Herbaceous,"F. Lens, unpublished data; 185",,
Ononis angustissima,Derived Woodiness,Hooft van Huysduynen et al. 2021,,
Ononis catalinae,Annual Herbaceous,"F. Lens, unpublished data; 186",,
Ononis christii,Insular Woodiness,Hooft van Huysduynen et al. 2021,,
Ononis dentata,Annual Herbaceous,"F. Lens, unpublished data; 187",,
Ononis diffusa,Annual Herbaceous,"F. Lens, unpublished data; 187",,
Ononis hebecarpa,Annual Herbaceous,"F. Lens, unpublished data; 186",,
Ononis hesperia,Derived Woodiness,"F. Lens, unpublished data, Hooft van Huyduynen et al. 2021",,
Ononis laxiflora,Annual Herbaceous,"F. Lens, unpublished data; 187",,
Ononis mitissima,Annual Herbaceous,"F. Lens, unpublished data; 187",,
Ononis natrix,Annual Herbaceous,"F. Lens, unpublished data; 187",,
Ononis pendula,Annual Herbaceous,"F. Lens, unpublished data; 187",,
Ononis reclinata,Annual Herbaceous,"F. Lens, unpublished data; 187",,
Ononis serrata,Annual Herbaceous,"F. Lens, unpublished data; 187",,
Ononis sicula,Annual Herbaceous,"F. Lens, unpublished data; 187",,
Ononis tournefortii,Annual Herbaceous,"F. Lens, unpublished data; 187",,
Ononis variegata,Annual Herbaceous,"F. Lens, unpublished data; 187",,
Ononis viscosa,Annual Herbaceous,"F. Lens, unpublished data; 187",,
Ornithopus compressus,Annual Herbaceous,"F. Lens, unpublished data; 188",,
Retama monosperma,Ancestral Woodiness,"F. Lens, unpublished data",,
Retama rhodorhizoides,Ancestral Woodiness,"F. Lens, unpublished data",,
Rivasgodaya nervosa,Ancestral Woodiness,"F. Lens, unpublished data",,
Teline canariensis,Ancestral Woodiness,"F. Lens, unpublished data",,
Teline microphylla,Ancestral Woodiness,"F. Lens, unpublished data",,
Teline nervosa,Ancestral Woodiness,"F. Lens, unpublished data",,
Teline osyrioides,Ancestral Woodiness,"F. Lens, unpublished data",,
Teline pallida,Ancestral Woodiness,"F. Lens, unpublished data",,
Teline rosmarinifolia,Ancestral Woodiness,"F. Lens, unpublished data",,
Teline salsoloides,Ancestral Woodiness,"F. Lens, unpublished data",,
Teline splendens,Ancestral Woodiness,"F. Lens, unpublished data",,
Teline stenopetala,Ancestral Woodiness,"F. Lens, unpublished data",,
Trifolium angustifolium,Annual Herbaceous,"F. Lens, unpublished data; 44",,
Trifolium arvense,Annual Herbaceous,"F. Lens, unpublished data; 189",,
Trifolium bocconei,Annual Herbaceous,"F. Lens, unpublished data; 190",,
Trifolium campestre,Annual Herbaceous,"F. Lens, unpublished data; 190",,
Trifolium cherleri,Annual Herbaceous,"F. Lens, unpublished data; 190",,
Trifolium dubium,Annual Herbaceous,"F. Lens, unpublished data; 126",,
Trifolium fragiferum,Perennial Herbaceous,"F. Lens, unpublished data; 190",,
Trifolium glomeratum,Annual Herbaceous,"F. Lens, unpublished data; 190",,
Trifolium lappaceum,Annual Herbaceous,"F. Lens, unpublished data; 190",,
Trifolium ligusticum,Annual Herbaceous,"F. Lens, unpublished data; 126",,
Trifolium micranthum,Annual Herbaceous,"F. Lens, unpublished data; 191",,
Trifolium resupinatum,Annual Herbaceous,"F. Lens, unpublished data; 190",,
Trifolium scabrum,Annual Herbaceous,"F. Lens, unpublished data; 190",,
Trifolium spumosum,Annual Herbaceous,"F. Lens, unpublished data; 192",,
Trifolium squamosum,Annual Herbaceous,"F. Lens, unpublished data; 190",,
Trifolium squarrosum,Annual Herbaceous,"F. Lens, unpublished data; 193",,
Trifolium stellatum,Annual Herbaceous,"F. Lens, unpublished data; 194",,
Trifolium striatum,Annual Herbaceous,"F. Lens, unpublished data; 189",,
Trifolium subterraneum,Annual Herbaceous,"F. Lens, unpublished data; 190",,
Trifolium suffocatum,Annual Herbaceous,"F. Lens, unpublished data; 190",,
Trifolium tomentosum,Annual Herbaceous,"F. Lens, unpublished data; 194",,
Trigonella anguina,Annual Herbaceous,"F. Lens, unpublished data; 195",,
Trigonella stellata,Annual Herbaceous,"F. Lens, unpublished data; 195",,
Ixanthus viscosus,Insular Woodiness,Hooft van Huysduynen et al. 2021,,
Hypericum canariense,Ancestral Woodiness,"F. Lens, unpublished data",,
Hypericum coadunatum,Ancestral Woodiness,"F. Lens, unpublished data",,
Hypericum glandulosum,Ancestral Woodiness,"F. Lens, unpublished data",,
Hypericum grandifolium,Ancestral Woodiness,"F. Lens, unpublished data",,
Hypericum perfoliatum,Ancestral Woodiness,"F. Lens, unpublished data",,
Hypericum perforatum,Ancestral Woodiness,"F. Lens, unpublished data",,
Hypericum reflexum,Ancestral Woodiness,"F. Lens, unpublished data",,
Ajuga iva,Perennial Herbaceous,"F. Lens, unpublished data; 196",,
Bystropogon canariensis,Derived Woodiness,Hooft van Huysduynen et al. 2021,,
Bystropogon odoratissimus,Derived Woodiness,Hooft van Huysduynen et al. 2021,,
Bystropogon origanifolius,Derived Woodiness,Hooft van Huysduynen et al. 2021,,
Bystropogon plumosus,Derived Woodiness,Hooft van Huysduynen et al. 2021,,
Bystropogon wildpretii,Derived Woodiness,Hooft van Huysduynen et al. 2021,,
Cedronella canariensis,Perennial Herbaceous,"F. Lens, unpublished data; 197",,
Clinopodium menthifolium,Perennial Herbaceous,"F. Lens, unpublished data; 198",,
Clinopodium nepeta,Perennial Herbaceous,"F. Lens, unpublished data; 199",,
Lavandula bramwellii,Insular Woodiness,Hooft van Huysduynen et al. 2021,,
Lavandula buchii,Insular Woodiness,Hooft van Huysduynen et al. 2021,,
Lavandula canariensis,Insular Woodiness,Hooft van Huysduynen et al. 2021,,
Lavandula minutolii,Insular Woodiness,Hooft van Huysduynen et al. 2021,,
Lavandula pinnata,Insular Woodiness,Hooft van Huysduynen et al. 2021,,
Marrubium vulgare,Perennial Herbaceous,"F. Lens, unpublished data; 200",,
Micromeria benthamii,Insular Woodiness,Hooft van Huysduynen et al. 2021,,
Micromeria canariensis,Insular Woodiness,Hooft van Huysduynen et al. 2021,,
Micromeria densiflora,Insular Woodiness,Hooft van Huysduynen et al. 2021,,
Micromeria ericifolia,Insular Woodiness,Hooft van Huysduynen et al. 2021,,
Micromeria glomerata,Insular Woodiness,Hooft van Huysduynen et al. 2021,,
Micromeria gomerensis,Insular Woodiness,Hooft van Huysduynen et al. 2021,,
Micromeria helianthemifolia,Insular Woodiness,Hooft van Huysduynen et al. 2021,,
Micromeria herpyllomorpha,Insular Woodiness,Hooft van Huysduynen et al. 2021,,
Micromeria hierrensis,Insular Woodiness,Hooft van Huysduynen et al. 2021,,
Micromeria lachnophylla,Insular Woodiness,Hooft van Huysduynen et al. 2021,,
Micromeria lanata,Insular Woodiness,Hooft van Huysduynen et al. 2021,,
Micromeria lasiophylla,Insular Woodiness,Hooft van Huysduynen et al. 2021,,
Micromeria lepida,Insular Woodiness,Hooft van Huysduynen et al. 2021,,
Micromeria leucantha,Insular Woodiness,Hooft van Huysduynen et al. 2021,,
Micromeria mahanensis,Insular Woodiness,Hooft van Huysduynen et al. 2021,,
Micromeria pedro-luisii,Insular Woodiness,Hooft van Huysduynen et al. 2021,,
Micromeria pineolens,Insular Woodiness,Hooft van Huysduynen et al. 2021,,
Micromeria rivas-martinezii,Insular Woodiness,Hooft van Huysduynen et al. 2021,,
Micromeria teneriffae,Insular Woodiness,Hooft van Huysduynen et al. 2021,,
Micromeria tenuis,Insular Woodiness,Hooft van Huysduynen et al. 2021,,
Micromeria tragothymus,Insular Woodiness,Hooft van Huysduynen et al. 2021,,
Nepeta teydea,Perennial Herbaceous,"F. Lens, unpublished data; 201",,
Origanum vulgare,Perennial Herbaceous,"F. Lens, unpublished data; 202",,
Salvia aegyptiaca,Derived Woodiness,"F. Lens, pers. comm. 2022",,
Salvia broussonetii,Insular Woodiness,Hooft van Huysduynen et al. 2021,,
Salvia canariensis,Insular Woodiness,Hooft van Huysduynen et al. 2021,,
Salvia herbanica,Derived Woodiness,"F. Lens, pers. comm. 2022",,
Sideritis amagroi,Insular Woodiness,Hooft van Huysduynen et al. 2021,,
Sideritis barbellata,Insular Woodiness,Hooft van Huysduynen et al. 2021,,
Sideritis bolleana,Insular Woodiness,"F. Lens, pers. comm. 2022",,
Sideritis brevicaulis,Insular Woodiness,Hooft van Huysduynen et al. 2021,,
Sideritis canariensis,Insular Woodiness,Hooft van Huysduynen et al. 2021,,
Sideritis cretica,Insular Woodiness,Hooft van Huysduynen et al. 2021,,
Sideritis cystosiphon,Insular Woodiness,Hooft van Huysduynen et al. 2021,,
Sideritis dasygnaphala,Insular Woodiness,Hooft van Huysduynen et al. 2021,,
Sideritis dendrochahorra,Insular Woodiness,Hooft van Huysduynen et al. 2021,,
Sideritis discolor,Insular Woodiness,Hooft van Huysduynen et al. 2021,,
Sideritis eriocephala,Insular Woodiness,Hooft van Huysduynen et al. 2021,,
Sideritis ferrensis,Insular Woodiness,Hooft van Huysduynen et al. 2021,,
Sideritis gomeraea,Insular Woodiness,Hooft van Huysduynen et al. 2021,,
Sideritis guayedrae,Insular Woodiness,Hooft van Huysduynen et al. 2021,,
Sideritis infernalis,Insular Woodiness,Hooft van Huysduynen et al. 2021,,
Sideritis kuegleriana,Insular Woodiness,Hooft van Huysduynen et al. 2021,,
Sideritis lotsyi,Insular Woodiness,Hooft van Huysduynen et al. 2021,,
Sideritis macrostachyos,Insular Woodiness,Hooft van Huysduynen et al. 2021,,
Sideritis marmorea,Insular Woodiness,Hooft van Huysduynen et al. 2021,,
Sideritis mascaensis,Insular Woodiness,"F. Lens, pers. comm. 2022",,
Sideritis nervosa,Insular Woodiness,Hooft van Huysduynen et al. 2021,,
Sideritis nutans,Insular Woodiness,Hooft van Huysduynen et al. 2021,,
Sideritis oroteneriffae,Insular Woodiness,Hooft van Huysduynen et al. 2021,,
Sideritis pumila,Insular Woodiness,Hooft van Huysduynen et al. 2021,,
Sideritis santosii,Insular Woodiness,"F. Lens, pers. comm. 2022",,
Sideritis soluta,Insular Woodiness,Hooft van Huysduynen et al. 2021,,
Sideritis sventenii,Insular Woodiness,Hooft van Huysduynen et al. 2021,,
Stachys arvensis,Annual Herbaceous,"F. Lens, unpublished data; 203",,
Stachys germanica,Perennial Herbaceous,"F. Lens, unpublished data; 204",,
Stachys ocymastrum,Annual Herbaceous,"F. Lens, unpublished data; 205",,
Teucrium heterophyllum,Ancestral Woodiness,"F. Lens, unpublished data",,
Thymus origanoides,Derived Woodiness,"F. Lens, unpublished data",,
Apollonias barbujana,Ancestral Woodiness,"F. Lens, unpublished data",,
Laurus novocanariensis,Ancestral Woodiness,"F. Lens, unpublished data",,
Mespilodaphne foetens,Ancestral Woodiness,"F. Lens, unpublished data",,
Ocotea foetens,Ancestral Woodiness,"F. Lens, unpublished data",,
Persea barbujana,Ancestral Woodiness,"F. Lens, unpublished data",,
Persea indica,Ancestral Woodiness,"F. Lens, unpublished data",,
Linum strictum,Annual Herbaceous,"F. Lens, unpublished data; 206",,
Linum trigynum,Annual Herbaceous,"F. Lens, unpublished data; 207",,
Solenopsis laurentia,Annual Herbaceous,"F. Lens, unpublished data; 208",,
Glinus lotoides,Annual Herbaceous,"F. Lens, unpublished data; 209",,
Morella rivas-martinezii,Ancestral Woodiness,"F. Lens, unpublished data",,
Myrica faya,Ancestral Woodiness,"F. Lens, unpublished data",,
Chrysojasminum odoratissimum,Ancestral Woodiness,"F. Lens, unpublished data",,
Olea europaea,Ancestral Woodiness,"F. Lens, unpublished data",,
Phillyrea angustifolia,Ancestral Woodiness,"F. Lens, unpublished data",,
Picconia excelsa,Ancestral Woodiness,"F. Lens, unpublished data",,
Bellardia viscosa,Annual Herbaceous,"F. Lens, unpublished data; 212",,
Cistanche phelypaea,Perennial Herbaceous,"F. Lens, unpublished data; 210",,
Odontites hollianus,Annual Herbaceous,"F. Lens, unpublished data; 211",,
Parentucellia viscosa,Annual Herbaceous,"F. Lens, unpublished data; 212",,
Ceratocapnos heterocarpa,Annual Herbaceous,"F. Lens, unpublished data; 213",,
Chelidonium majus,Perennial Herbaceous,"F. Lens, unpublished data; 214",,
Platycapnos spicata,Annual Herbaceous,"F. Lens, unpublished data; 215",,
Visnea mocanera,Ancestral Woodiness,"F. Lens, unpublished data",,
Pittosporum coriaceum,Ancestral Woodiness,NA,,
Callitriche stagnalis,Perennial Herbaceous,"F. Lens, unpublished data; 216",,
Campylanthus salsoloides,Derived Woodiness,"F. Lens, unpublished data",,
Digitalis canariensis,Insular Woodiness,Hooft van Huysduynen et al. 2021,,
Digitalis chalcantha,Insular Woodiness,Hooft van Huysduynen et al. 2021,,
Digitalis isabelliana,Insular Woodiness,Hooft van Huysduynen et al. 2021,,
Globularia ascanii,Derived Woodiness,Hooft van Huysduynen et al. 2021,,
Globularia salicina,Derived Woodiness,Hooft van Huysduynen et al. 2021,,
Globularia sarcophylla,Derived Woodiness,Hooft van Huysduynen et al. 2021,,
Kickxia commutata,Perennial Herbaceous,"F. Lens, unpublished data; 217",,
Kickxia elatine,Annual Herbaceous,"F. Lens, unpublished data; 218",,
Kickxia pendula,Perennial Herbaceous,"F. Lens, unpublished data; 219",,
Linaria arvensis,Annual Herbaceous,"F. Lens, unpublished data; 220",,
Linaria micrantha,Annual Herbaceous,"F. Lens, unpublished data; 220",,
Linaria simplex,Annual Herbaceous,"F. Lens, unpublished data; 220",,
Linaria spartea,Annual Herbaceous,"F. Lens, unpublished data; 221",,
Nanorrhinum heterophyllum,Perennial Herbaceous,Hooft van Huysduynen et al. 2021; 222,,
Nanorrhinum sagittatum,Perennial Herbaceous,Hooft van Huysduynen et al. 2021; 222,,
Nanorrhinum scoparium,Perennial Herbaceous,Hooft van Huysduynen et al. 2021; 222,,
Nanorrhinum urbanii,Perennial Herbaceous,Hooft van Huysduynen et al. 2021; 222,,
Plantago afra,Annual Herbaceous,"F. Lens, unpublished data; 223",,
Plantago albicans,Perennial Herbaceous,"F. Lens, unpublished data; 224",,
Plantago amplexicaulis,Annual Herbaceous,"F. Lens, unpublished data; 225",,
Plantago arborescens,Insular Woodiness,Hooft van Huysduynen et al. 2021,,
Plantago asphodeloides,Annual Herbaceous,"F. Lens, unpublished data; 226",,
Plantago ciliata,Annual Herbaceous,"F. Lens, unpublished data; 227",,
Plantago coronopus,Perennial Herbaceous,"F. Lens, unpublished data; 228",,
Plantago famarae,Insular Woodiness,Hooft van Huysduynen et al. 2021,,
Plantago lagopus,Annual Herbaceous,"F. Lens, unpublished data; 44",,
Plantago lanceolata,Perennial Herbaceous,"F. Lens, unpublished data; 229",,
Plantago loeflingii,Annual Herbaceous,"F. Lens, unpublished data; 230",,
Plantago ovata,Annual Herbaceous,"F. Lens, unpublished data; 231",,
Plantago phaeostoma,Annual Herbaceous,"F. Lens, unpublished data; 232",,
Plantago webbii,Insular Woodiness,Hooft van Huysduynen et al. 2021,,
Veronica anagallis-aquatica,Perennial Herbaceous,"F. Lens, unpublished data; 233",,
Veronica arvensis,Annual Herbaceous,"F. Lens, unpublished data; 234",,
Veronica beccabunga,Perennial Herbaceous,"F. Lens, unpublished data; 235",,
Veronica hederifolia,Annual Herbaceous,"F. Lens, unpublished data; 234",,
Veronica serpyllifolia,Perennial Herbaceous,"F. Lens, unpublished data; 234",,
Limonium arboreum,Insular Woodiness,Koutroumpa et al. 2021,,
Limonium benmageci,Insular Woodiness,Koutroumpa et al. 2021,,
Limonium bollei,Insular Woodiness,Koutroumpa et al. 2021,,
Limonium bourgeaui,Insular Woodiness,Koutroumpa et al. 2021,,
Limonium brassicifolium,Insular Woodiness,Koutroumpa et al. 2021,,
Limonium dendroides,Insular Woodiness,Koutroumpa et al. 2021,,
Limonium frutescens,Insular Woodiness,Koutroumpa et al. 2021,,
Limonium imbricatum,Insular Woodiness,Koutroumpa et al. 2021,,
Limonium lobatum,Insular Woodiness,Koutroumpa et al. 2021,,
Limonium macrophyllum,Insular Woodiness,Koutroumpa et al. 2021,,
Limonium ovalifolium,Insular Woodiness,Koutroumpa et al. 2021,,
Limonium papillatum,Insular Woodiness,Koutroumpa et al. 2021,,
Limonium pectinatum,Insular Woodiness,Koutroumpa et al. 2021,,
Limonium perezii,Insular Woodiness,Koutroumpa et al. 2021,,
Limonium preauxii,Insular Woodiness,Koutroumpa et al. 2021,,
Limonium puberulum,Insular Woodiness,Koutroumpa et al. 2021,,
Limonium redivivum,Insular Woodiness,Koutroumpa et al. 2021,,
Limonium relicticum,Insular Woodiness,Koutroumpa et al. 2021,,
Limonium rumicifolium,Insular Woodiness,Koutroumpa et al. 2021,,
Limonium sinuatum,Insular Woodiness,Koutroumpa et al. 2021,,
Limonium spectabile,Insular Woodiness,Koutroumpa et al. 2021,,
Limonium sventenii,Insular Woodiness,Koutroumpa et al. 2021,,
Limonium tuberculatum,Insular Woodiness,Koutroumpa et al. 2021,,
Limonium vigaroense,Insular Woodiness,Koutroumpa et al. 2021,,
Persicaria decipiens,Perennial Herbaceous,"F. Lens, unpublished data; 236",,
Persicaria maculosa,Annual Herbaceous,"F. Lens, unpublished data; 237",,
Portulaca canariensis,Annual Herbaceous,"F. Lens, unpublished data; 238",,
Heberdenia excelsa,Ancestral Woodiness,"F. Lens, unpublished data",,
Pleiomeris canariensis,Ancestral Woodiness,"F. Lens, unpublished data",,
Oligomeris linifolia,Derived Woodiness,"F. Lens, unpublished data",,
Agrimonia eupatoria,Perennial Herbaceous,"F. Lens, unpublished data; 239",,
Alchemilla microcarpa,Annual Herbaceous,"F. Lens, unpublished data; 240",,
Aria edulis,Ancestral Woodiness,"F. Lens, unpublished data",,
Bencomia brachystachya,Derived Woodiness,Hooft van Huysduynen et al. 2021,,
Bencomia caudata,Derived Woodiness,Hooft van Huysduynen et al. 2021,,
Bencomia exstipulata,Derived Woodiness,Hooft van Huysduynen et al. 2021,,
Bencomia sphaerocarpa,Derived Woodiness,Hooft van Huysduynen et al. 2021,,
Dendriopoterium pulidoi,Derived Woodiness,Hooft van Huysduynen et al. 2021,,
Marcetella moquiniana,Derived Woodiness,Hooft van Huysduynen et al. 2021,,
Prunus lusitanica,Ancestral Woodiness,"F. Lens, unpublished data",,
Rosa canina,Ancestral Woodiness,"F. Lens, unpublished data",,
Plocama pendula,Ancestral Woodiness,"F. Lens, unpublished data",,
Rubia angustifolia,Perennial Herbaceous,"F. Lens, unpublished data; 241",,
Rubia fruticosa,Insular Woodiness,Hooft van Huysduynen et al. 2021,,
Sherardia arvensis,Annual Herbaceous,"F. Lens, unpublished data; 126",,
Theligonum cynocrambe,Annual Herbaceous,"F. Lens, unpublished data; 242",,
Valantia hispida,Annual Herbaceous,"F. Lens, unpublished data; 243",,
Cneorum pulverulentum,Ancestral Woodiness,"F. Lens, unpublished data",,
Ruta microcarpa,Ancestral Woodiness,"F. Lens, unpublished data",,
Ruta oreojasme,Ancestral Woodiness,"F. Lens, unpublished data",,
Ruta pinnata,Ancestral Woodiness,"F. Lens, unpublished data",,
Salix pedicellata,Ancestral Woodiness,"F. Lens, unpublished data",,
Osyris lanceolata,Ancestral Woodiness,"F. Lens, unpublished data",,
Sideroxylon canariense,Ancestral Woodiness,"F. Lens, unpublished data",,
Camptoloma canariense,Ancestral Woodiness,"F. Lens, unpublished data",,
Scrophularia arguta,Annual Herbaceous,"F. Lens, unpublished data; 244",,
Scrophularia calliantha,Perennial Herbaceous,"F. Lens, unpublished data; 245",,
Scrophularia glabrata,Insular Woodiness,Hooft van Huysduynen et al. 2021,,
Scrophularia smithii,Perennial Herbaceous,"F. Lens, unpublished data; 42",,
Hyoscyamus albus,Perennial Herbaceous,"F. Lens, unpublished data; 246",,
Lycium intricatum,Ancestral Woodiness,"F. Lens, unpublished data",,
Daphne gnidium,Ancestral Woodiness,"F. Lens, unpublished data",,
Forsskaolea angustifolia,Ancestral Woodiness,Hooft van Huysduynen et al. 2021,,
Gesnouinia arborea,Insular Woodiness,Hooft van Huysduynen et al. 2021,,
Parietaria debilis,Annual Herbaceous,"F. Lens, unpublished data; 247",,
Parietaria filamentosa,Perennial Herbaceous,"F. Lens, unpublished data; 248",,
Parietaria judaica,Perennial Herbaceous,"F. Lens, unpublished data 249",,
Parietaria mauritanica,Annual Herbaceous,"F. Lens, unpublished data; 250",,
Urtica membranacea,Annual Herbaceous,"F. Lens, unpublished data; 251",,
Urtica morifolia,Insular Woodiness,Hooft van Huysduynen et al. 2021,,
Urtica stachyoides,Annual Herbaceous,"F. Lens, unpublished data; 252",,
Urtica urens,Annual Herbaceous,"F. Lens, unpublished data; 253",,
Viola anagae,Perennial Herbaceous,"F. Lens, unpublished data; 118",,
Viola arvensis,Annual Herbaceous,"F. Lens, unpublished data; 254",,
Viola cheiranthifolia,Perennial Herbaceous,"F. Lens, unpublished data; 255",,
Viola guaxarensis,Perennial Herbaceous,"F. Lens, unpublished data; 256",,
Viola kitaibeliana,Annual Herbaceous,"F. Lens, unpublished data; 257",,
Viola odorata,Perennial Herbaceous,"F. Lens, unpublished data; 258",,
Viola palmensis,Perennial Herbaceous,"F. Lens, unpublished data; 259",,
Viola plantaginea,Perennial Herbaceous,"F. Lens, unpublished data; 260",,
Viola riviniana,Perennial Herbaceous,"F. Lens, unpublished data; 261",,
